<?xml version="1.0" encoding="UTF-8"?>
<!--
  ~  Copyright 1999-2018 Alibaba Group Holding Ltd.
  ~
  ~  Licensed under the Apache License, Version 2.0 (the "License");
  ~  you may not use this file except in compliance with the License.
  ~  You may obtain a copy of the License at
  ~
  ~       http://www.apache.org/licenses/LICENSE-2.0
  ~
  ~  Unless required by applicable law or agreed to in writing, software
  ~  distributed under the License is distributed on an "AS IS" BASIS,
  ~  WITHOUT WARRANTIES OR CONDITIONS OF ANY KIND, either express or implied.
  ~  See the License for the specific language governing permissions and
  ~  limitations under the License.
  -->
<project xsi:schemaLocation="http://maven.apache.org/POM/4.0.0 http://maven.apache.org/xsd/maven-4.0.0.xsd" xmlns="http://maven.apache.org/POM/4.0.0"
    xmlns:xsi="http://www.w3.org/2001/XMLSchema-instance">
  <modelVersion>4.0.0</modelVersion>
  <parent>
    <groupId>io.seata</groupId>
    <artifactId>seata-parent</artifactId>
    <version>0.5.0</version>
  </parent>
  <groupId>io.seata</groupId>
  <artifactId>seata-distribution</artifactId>
  <version>0.5.0</version>
  <packaging>pom</packaging>
  <name>seata-distribution ${project.version}</name>
  <licenses>
    <license>
      <name>Apache License, Version 2.0</name>
      <url>http://www.apache.org/licenses/LICENSE-2.0</url>
      <distribution>repo</distribution>
    </license>
  </licenses>
  <dependencies>
    <dependency>
      <groupId>io.seata</groupId>
      <artifactId>seata-server</artifactId>
    </dependency>
  </dependencies>
  <build>
    <plugins>
      <plugin>
        <artifactId>maven-deploy-plugin</artifactId>
        <version>2.8.2</version>
        <configuration>
          <skip>true</skip>
        </configuration>
      </plugin>
    </plugins>
  </build>
  <profiles>
    <profile>
      <id>release-seata</id>
      <build>
        <finalName>seata</finalName>
        <plugins>
          <plugin>
            <artifactId>maven-assembly-plugin</artifactId>
            <version>3.0.0</version>
            <executions>
              <execution>
                <id>make-assembly</id>
                <phase>install</phase>
                <goals>
                  <goal>single</goal>
                </goals>
              </execution>
            </executions>
            <configuration>
              <descriptors>
                <descriptor>release-seata.xml</descriptor>
              </descriptors>
            </configuration>
          </plugin>
        </plugins>
      </build>
      <dependencies>
        <dependency>
          <groupId>io.seata</groupId>
          <artifactId>seata-server</artifactId>
        </dependency>
      </dependencies>
    </profile>
  </profiles>
</project>
